observation_date,value,vintage_date
2005-01-01,199.0,2018-10-01
2005-02-01,199.4,2018-10-01
2005-03-01,200.1,2018-10-01
2005-04-01,200.2,2018-10-01
2005-05-01,200.5,2018-10-01
2005-06-01,200.6,2018-10-01
2005-07-01,200.9,2018-10-01
2005-08-01,201.1,2018-10-01
2005-09-01,201.3,2018-10-01
2005-10-01,202.0,2018-10-01
2005-11-01,202.5,2018-10-01
2005-12-01,202.8,2018-10-01
2006-01-01,203.2,2018-10-01
2006-02-01,203.6,2018-10-01
2006-03-01,204.3,2018-10-01
2006-04-01,204.8,2018-10-01
2006-05-01,205.4,2018-10-01
2006-06-01,205.9,2018-10-01
2006-07-01,206.3,2018-10-01
2006-08-01,206.8,2018-10-01
2006-09-01,207.2,2018-10-01
2006-10-01,207.6,2018-10-01
2006-11-01,207.8,2018-10-01
2006-12-01,208.1,2018-10-01
2007-01-01,208.6,2018-10-01
2007-02-01,209.135,2018-10-01
2007-03-01,209.418,2018-10-01
2007-04-01,209.747,2018-10-01
2007-05-01,210.058,2018-10-01
2007-06-01,210.392,2018-10-01
2007-07-01,210.773,2018-10-01
2007-08-01,211.119,2018-10-01
2007-09-01,211.554,2018-10-01
2007-10-01,212.077,2018-10-01
2007-11-01,212.66,2018-10-01
2007-12-01,213.168,2018-10-01
2008-01-01,213.771,2018-10-01
2008-02-01,213.939,2018-10-01
2008-03-01,214.42,2018-10-01
2008-04-01,214.56,2018-10-01
2008-05-01,214.936,2018-10-01
2008-06-01,215.424,2018-10-01
2008-07-01,215.965,2018-10-01
2008-08-01,216.393,2018-10-01
2008-09-01,216.713,2018-10-01
2008-10-01,216.788,2018-10-01
2008-11-01,216.947,2018-10-01
2008-12-01,216.925,2018-10-01
2009-01-01,217.346,2018-10-01
2009-02-01,217.792,2018-10-01
2009-03-01,218.253,2018-10-01
2009-04-01,218.706,2018-10-01
2009-05-01,218.904,2018-10-01
2009-06-01,219.112,2018-10-01
2009-07-01,219.263,2018-10-01
2009-08-01,219.496,2018-10-01
2009-09-01,219.92,2018-10-01
2009-10-01,220.501,2018-10-01
2009-11-01,220.666,2018-10-01
2009-12-01,220.881,2018-10-01
2010-01-01,220.633,2018-10-01
2010-02-01,220.731,2018-10-01
2010-03-01,220.783,2018-10-01
2010-04-01,220.822,2018-10-01
2010-05-01,220.962,2018-10-01
2010-06-01,221.194,2018-10-01
2010-07-01,221.363,2018-10-01
2010-08-01,221.509,2018-10-01
2010-09-01,221.711,2018-10-01
2010-10-01,221.83,2018-10-01
2010-11-01,222.149,2018-10-01
2010-12-01,222.343,2018-10-01
2011-01-01,222.803,2018-10-01
2011-02-01,223.213,2018-10-01
2011-03-01,223.454,2018-10-01
2011-04-01,223.727,2018-10-01
2011-05-01,224.175,2018-10-01
2011-06-01,224.697,2018-10-01
2011-07-01,225.218,2018-10-01
2011-08-01,225.862,2018-10-01
2011-09-01,226.118,2018-10-01
2011-10-01,226.506,2018-10-01
2011-11-01,226.899,2018-10-01
2011-12-01,227.405,2018-10-01
2012-01-01,227.877,2018-10-01
2012-02-01,228.034,2018-10-01
2012-03-01,228.478,2018-10-01
2012-04-01,228.905,2018-10-01
2012-05-01,229.224,2018-10-01
2012-06-01,229.623,2018-10-01
2012-07-01,229.97,2018-10-01
2012-08-01,230.233,2018-10-01
2012-09-01,230.659,2018-10-01
2012-10-01,231.024,2018-10-01
2012-11-01,231.33,2018-10-01
2012-12-01,231.725,2018-10-01
2013-01-01,232.229,2018-10-01
2013-02-01,232.569,2018-10-01
2013-03-01,232.794,2018-10-01
2013-04-01,232.832,2018-10-01
2013-05-01,232.996,2018-10-01
2013-06-01,233.35,2018-10-01
2013-07-01,233.88,2018-10-01
2013-08-01,234.336,2018-10-01
2013-09-01,234.7,2018-10-01
2013-10-01,234.921,2018-10-01
2013-11-01,235.359,2018-10-01
2013-12-01,235.759,2018-10-01
2014-01-01,235.983,2018-10-01
2014-02-01,236.172,2018-10-01
2014-03-01,236.622,2018-10-01
2014-04-01,237.07,2018-10-01
2014-05-01,237.541,2018-10-01
2014-06-01,237.833,2018-10-01
2014-07-01,238.232,2018-10-01
2014-08-01,238.405,2018-10-01
2014-09-01,238.777,2018-10-01
2014-10-01,239.188,2018-10-01
2014-11-01,239.412,2018-10-01
2014-12-01,239.572,2018-10-01
2015-01-01,239.845,2018-10-01
2015-02-01,240.136,2018-10-01
2015-03-01,240.749,2018-10-01
2015-04-01,241.346,2018-10-01
2015-05-01,241.644,2018-10-01
2015-06-01,242.039,2018-10-01
2015-07-01,242.543,2018-10-01
2015-08-01,242.788,2018-10-01
2015-09-01,243.306,2018-10-01
2015-10-01,243.765,2018-10-01
2015-11-01,244.272,2018-10-01
2015-12-01,244.59,2018-10-01
2016-01-01,245.134,2018-10-01
2016-02-01,245.689,2018-10-01
2016-03-01,246.004,2018-10-01
2016-04-01,246.487,2018-10-01
2016-05-01,247.031,2018-10-01
2016-06-01,247.436,2018-10-01
2016-07-01,247.812,2018-10-01
2016-08-01,248.4,2018-10-01
2016-09-01,248.716,2018-10-01
2016-10-01,249.064,2018-10-01
2016-11-01,249.519,2018-10-01
2016-12-01,249.996,2018-10-01
2017-01-01,250.661,2018-10-01
2017-02-01,251.088,2018-10-01
2017-03-01,250.904,2018-10-01
2017-04-01,251.125,2018-10-01
2017-05-01,251.331,2018-10-01
2017-06-01,251.69,2018-10-01
2017-07-01,252.05,2018-10-01
2017-08-01,252.61,2018-10-01
2017-09-01,252.943,2018-10-01
2017-10-01,253.484,2018-10-01
2017-11-01,253.791,2018-10-01
2017-12-01,254.398,2018-10-01
2018-01-01,255.287,2018-10-01
2018-02-01,255.751,2018-10-01
2018-03-01,256.2,2018-10-01
2018-04-01,256.45,2018-10-01
2018-05-01,256.889,2018-10-01
2018-06-01,257.305,2018-10-01
2018-07-01,257.93,2018-10-01
2018-08-01,258.141,2018-10-01
