observation_date,observation_period,available_date,availability_basis,availability_evidence_url,source_value_url,value
2009-11-30,2009-11,2009-12-11,official_release,https://www.pbc.gov.cn/diaochatongjisi/116219/116225/2843462/index.html,https://www.pbc.gov.cn/diaochatongjisi/116219/116225/2843462/index.html,29.74
2009-12-31,2009-12,2010-01-15,official_release,https://www.pbc.gov.cn/diaochatongjisi/116219/116225/2843694/index.html,https://www.pbc.gov.cn/diaochatongjisi/116219/116225/2843694/index.html,27.68
2010-01-31,2010-01,2010-02-11,official_release,https://www.pbc.gov.cn/diaochatongjisi/116219/116225/2844024/index.html,https://www.pbc.gov.cn/diaochatongjisi/116219/116225/2844024/index.html,25.98
2010-02-28,2010-02,2010-03-11,official_release,https://www.pbc.gov.cn/diaochatongjisi/116219/116225/2844015/index.html,https://www.pbc.gov.cn/diaochatongjisi/116219/116225/2844015/index.html,25.52
2010-03-31,2010-03,2010-04-12,official_release,https://www.pbc.gov.cn/diaochatongjisi/116219/116225/2844496/index.html,https://www.pbc.gov.cn/diaochatongjisi/116219/116225/2844496/index.html,22.5
2010-04-30,2010-04,2010-05-11,official_release,https://www.pbc.gov.cn/diaochatongjisi/116219/116225/2844871/index.html,https://www.pbc.gov.cn/diaochatongjisi/116219/116225/2844871/index.html,21.48
2010-05-31,2010-05,2010-06-11,official_release,https://www.pbc.gov.cn/diaochatongjisi/116219/116225/2845769/index.html,https://www.pbc.gov.cn/diaochatongjisi/116219/116225/2845769/index.html,21.0
2010-06-30,2010-06,2010-07-11,official_release,https://www.pbc.gov.cn/diaochatongjisi/116219/116225/2846253/index.html,https://www.pbc.gov.cn/diaochatongjisi/116219/116225/2846253/index.html,18.5
2010-07-31,2010-07,2010-08-11,official_release,https://www.pbc.gov.cn/diaochatongjisi/116219/116225/2847240/index.html,https://www.pbc.gov.cn/diaochatongjisi/116219/116225/2847240/index.html,17.6
2010-08-31,2010-08,2010-09-11,official_release,https://www.pbc.gov.cn/diaochatongjisi/116219/116225/2847729/index.html,https://www.pbc.gov.cn/diaochatongjisi/116219/116225/2847729/index.html,19.2
2010-09-30,2010-09,2010-10-13,official_release,https://www.pbc.gov.cn/diaochatongjisi/116219/116225/2848379/index.html,https://www.pbc.gov.cn/diaochatongjisi/116219/116225/2848379/index.html,19.0
2010-10-31,2010-10,2010-11-11,official_release,https://www.pbc.gov.cn/diaochatongjisi/116219/116225/2848848/index.html,https://www.pbc.gov.cn/diaochatongjisi/116219/116225/2848848/index.html,19.3
2010-11-30,2010-11,2010-12-10,official_release,https://www.pbc.gov.cn/diaochatongjisi/116219/116225/2849207/index.html,https://www.pbc.gov.cn/diaochatongjisi/116219/116225/2849207/index.html,19.5
2010-12-31,2010-12,2011-01-11,official_release,https://www.pbc.gov.cn/diaochatongjisi/116219/116225/2849747/index.html,https://www.pbc.gov.cn/diaochatongjisi/116219/116225/2849747/index.html,19.7
2011-01-31,2011-01,2011-02-15,official_release,https://www.pbc.gov.cn/diaochatongjisi/116219/116225/2874087/index.html,https://www.pbc.gov.cn/diaochatongjisi/116219/116225/2874087/index.html,17.2
2011-02-28,2011-02,2011-03-14,official_release,https://www.pbc.gov.cn/diaochatongjisi/116219/116225/2850646/index.html,https://www.pbc.gov.cn/diaochatongjisi/116219/116225/2850646/index.html,15.7
2011-03-31,2011-03,2011-04-14,official_release,https://www.pbc.gov.cn/diaochatongjisi/116219/116225/2881396/index.html,https://www.pbc.gov.cn/diaochatongjisi/116219/116225/2881396/index.html,16.6
2011-04-30,2011-04,2011-05-11,official_release,https://www.pbc.gov.cn/diaochatongjisi/116219/116225/2851582/index.html,https://www.pbc.gov.cn/diaochatongjisi/116219/116225/2851582/index.html,15.3
2011-05-31,2011-05,2011-06-13,official_release,https://www.pbc.gov.cn/diaochatongjisi/116219/116225/2852456/index.html,https://www.pbc.gov.cn/eportal/fileDir/image_public/UserFiles/goutongjiaoliu/upload/File/2011%E5%B9%B45%E6%9C%88%E9%87%91%E8%9E%8D%E7%BB%9F%E8%AE%A1%E6%95%B0%E6%8D%AE%E6%8A%A5%E5%91%8A%281%29.pdf,15.1
2011-06-30,2011-06,2011-07-12,official_release,https://www.pbc.gov.cn/diaochatongjisi/116219/116225/2889975/index.html,https://www.pbc.gov.cn/diaochatongjisi/116219/116225/2889975/index.html,15.9
2011-07-31,2011-07,2011-08-12,official_release,https://www.pbc.gov.cn/diaochatongjisi/116219/116225/2883274/index.html,https://www.pbc.gov.cn/diaochatongjisi/116219/116225/2883274/index.html,14.7
2011-08-31,2011-08,2011-09-11,official_release,https://www.pbc.gov.cn/diaochatongjisi/116219/116225/2854577/index.html,https://www.pbc.gov.cn/diaochatongjisi/116219/116225/2854577/index.html,13.5
2011-09-30,2011-09,2011-10-14,official_release,https://www.pbc.gov.cn/diaochatongjisi/116219/116225/2874692/index.html,https://www.pbc.gov.cn/diaochatongjisi/116219/116225/2874692/index.html,13.0
2011-10-31,2011-10,2011-11-11,official_release,https://www.pbc.gov.cn/diaochatongjisi/116219/116225/2855441/index.html,https://www.pbc.gov.cn/diaochatongjisi/116219/116225/2855441/index.html,12.9
2011-11-30,2011-11,2011-12-14,official_release,https://www.pbc.gov.cn/diaochatongjisi/116219/116225/2856168/index.html,https://www.pbc.gov.cn/diaochatongjisi/116219/116225/2856168/index.html,12.7
2011-12-31,2011-12,2012-01-08,official_release,https://www.pbc.gov.cn/diaochatongjisi/116219/116225/2878344/index.html,https://www.pbc.gov.cn/diaochatongjisi/116219/116225/2878344/index.html,13.6
2012-01-31,2012-01,2012-02-10,official_release,https://www.pbc.gov.cn/diaochatongjisi/116219/116225/2896816/index.html,https://www.pbc.gov.cn/diaochatongjisi/116219/116225/2896816/index.html,12.4
2012-02-29,2012-02,2012-03-09,official_release,https://www.pbc.gov.cn/diaochatongjisi/116219/116225/2858795/index.html,https://www.pbc.gov.cn/diaochatongjisi/116219/116225/2858795/index.html,13.0
2012-03-31,2012-03,2012-04-12,official_release,https://www.pbc.gov.cn/diaochatongjisi/116219/116225/2859722/index.html,https://www.pbc.gov.cn/diaochatongjisi/116219/116225/2859722/index.html,13.4
2012-04-30,2012-04,2012-05-11,official_release,https://www.pbc.gov.cn/diaochatongjisi/116219/116225/2860583/index.html,https://www.pbc.gov.cn/diaochatongjisi/116219/116225/2860583/index.html,12.8
2012-05-31,2012-05,2012-06-11,official_release,https://www.pbc.gov.cn/diaochatongjisi/116219/116225/2861237/index.html,https://www.pbc.gov.cn/diaochatongjisi/116219/116225/2861237/index.html,13.2
2012-06-30,2012-06,2012-07-12,official_release,https://www.pbc.gov.cn/diaochatongjisi/116219/116225/2862365/index.html,https://www.pbc.gov.cn/diaochatongjisi/116219/116225/2862365/index.html,13.6
2012-07-31,2012-07,2012-08-10,official_release,https://www.pbc.gov.cn/diaochatongjisi/116219/116225/2863130/index.html,https://www.pbc.gov.cn/diaochatongjisi/116219/116225/2863130/index.html,13.9
2012-08-31,2012-08,2012-09-11,official_release,https://www.pbc.gov.cn/diaochatongjisi/116219/116225/2893557/index.html,https://www.pbc.gov.cn/diaochatongjisi/116219/116225/2893557/index.html,13.5
2012-09-30,2012-09,2012-10-13,official_release,https://www.pbc.gov.cn/diaochatongjisi/116219/116225/2863857/index.html,https://www.pbc.gov.cn/diaochatongjisi/116219/116225/2863857/index.html,14.8
2012-10-31,2012-10,2012-11-12,official_release,https://www.pbc.gov.cn/diaochatongjisi/116219/116225/2874714/index.html,https://www.pbc.gov.cn/diaochatongjisi/116219/116225/2874714/index.html,14.1
2012-11-30,2012-11,2012-12-11,official_release,https://www.pbc.gov.cn/diaochatongjisi/116219/116225/2864861/index.html,https://www.pbc.gov.cn/diaochatongjisi/116219/116225/2864861/index.html,13.9
2012-12-31,2012-12,2013-01-10,official_release,https://www.pbc.gov.cn/diaochatongjisi/116219/116225/2873028/index.html,https://www.pbc.gov.cn/diaochatongjisi/116219/116225/2873028/index.html,13.8
2013-01-31,2013-01,2013-02-08,official_release,https://www.pbc.gov.cn/diaochatongjisi/116219/116225/2865726/index.html,https://www.pbc.gov.cn/diaochatongjisi/116219/116225/2865726/index.html,15.9
2013-02-28,2013-02,2013-03-10,official_release,https://www.pbc.gov.cn/diaochatongjisi/116219/116225/2885261/index.html,https://www.pbc.gov.cn/diaochatongjisi/116219/116225/2885261/index.html,15.2
2013-03-31,2013-03,2013-04-11,official_release,https://www.pbc.gov.cn/diaochatongjisi/116219/116225/2866778/index.html,https://www.pbc.gov.cn/diaochatongjisi/116219/116225/2866778/index.html,15.7
2013-04-30,2013-04,2013-05-10,official_release,https://www.pbc.gov.cn/diaochatongjisi/116219/116225/2867166/index.html,https://www.pbc.gov.cn/diaochatongjisi/116219/116225/2867166/index.html,16.1
2013-05-31,2013-05,2013-06-09,official_release,https://www.pbc.gov.cn/diaochatongjisi/116219/116225/2867742/index.html,https://www.pbc.gov.cn/diaochatongjisi/116219/116225/2867742/index.html,15.8
2013-06-30,2013-06,2013-07-12,official_release,https://www.pbc.gov.cn/diaochatongjisi/116219/116225/2868514/index.html,https://www.pbc.gov.cn/diaochatongjisi/116219/116225/2868514/index.html,14.0
2013-07-31,2013-07,2013-08-09,official_release,https://www.pbc.gov.cn/diaochatongjisi/116219/116225/2869187/index.html,https://www.pbc.gov.cn/diaochatongjisi/116219/116225/2869187/index.html,14.5
2013-08-31,2013-08,2013-09-10,official_release,https://www.pbc.gov.cn/diaochatongjisi/116219/116225/2869794/index.html,https://www.pbc.gov.cn/diaochatongjisi/116219/116225/2869794/index.html,14.7
2013-09-30,2013-09,2013-10-14,official_release,https://www.pbc.gov.cn/diaochatongjisi/116219/116225/2870431/index.html,https://www.pbc.gov.cn/diaochatongjisi/116219/116225/2870431/index.html,14.2
2013-10-31,2013-10,2013-11-11,official_release,https://www.pbc.gov.cn/diaochatongjisi/116219/116225/2898815/index.html,https://www.pbc.gov.cn/diaochatongjisi/116219/116225/2898815/index.html,14.3
2013-11-30,2013-11,2013-12-11,official_release,https://www.pbc.gov.cn/diaochatongjisi/116219/116225/2876727/index.html,https://www.pbc.gov.cn/diaochatongjisi/116219/116225/2876727/index.html,14.2
2013-12-31,2013-12,2014-01-15,official_release,https://www.pbc.gov.cn/diaochatongjisi/116219/116225/2878572/index.html,https://www.pbc.gov.cn/diaochatongjisi/116219/116225/2878572/index.html,13.6
2014-01-31,2014-01,2014-02-15,official_release,https://www.pbc.gov.cn/diaochatongjisi/116219/116225/2805241/index.html,https://www.pbc.gov.cn/diaochatongjisi/116219/116225/2805241/index.html,13.2
2014-02-28,2014-02,2014-03-10,official_release,https://www.pbc.gov.cn/diaochatongjisi/116219/116225/2805549/index.html,https://www.pbc.gov.cn/diaochatongjisi/116219/116225/2805549/index.html,13.3
2014-03-31,2014-03,2014-04-15,official_release,https://www.pbc.gov.cn/diaochatongjisi/116219/116225/2806205/index.html,https://www.pbc.gov.cn/diaochatongjisi/116219/116225/2806205/index.html,12.1
2014-04-30,2014-04,2014-05-12,official_release,https://www.pbc.gov.cn/diaochatongjisi/116219/116225/2806559/index.html,https://www.pbc.gov.cn/diaochatongjisi/116219/116225/2806559/index.html,13.2
2014-05-31,2014-05,2014-06-12,official_release,https://www.pbc.gov.cn/diaochatongjisi/116219/116225/2806928/index.html,https://www.pbc.gov.cn/diaochatongjisi/116219/116225/2806928/index.html,13.4
2014-06-30,2014-06,2014-07-15,official_release,https://www.pbc.gov.cn/diaochatongjisi/116219/116225/2807320/index.html,https://www.pbc.gov.cn/diaochatongjisi/116219/116225/2807320/index.html,14.7
2014-07-31,2014-07,2014-08-13,official_release,https://www.pbc.gov.cn/diaochatongjisi/116219/116225/2807848/index.html,https://www.pbc.gov.cn/diaochatongjisi/116219/116225/2807848/index.html,13.5
2014-08-31,2014-08,2014-09-12,official_release,https://www.pbc.gov.cn/diaochatongjisi/116219/116225/2888833/index.html,https://www.pbc.gov.cn/diaochatongjisi/116219/116225/2888833/index.html,12.8
2014-09-30,2014-09,2014-10-16,official_release,https://www.pbc.gov.cn/diaochatongjisi/116219/116225/2808615/index.html,https://www.pbc.gov.cn/diaochatongjisi/116219/116225/2808615/index.html,12.9
2014-10-31,2014-10,2014-11-14,official_release,https://www.pbc.gov.cn/diaochatongjisi/116219/116225/2893932/index.html,https://www.pbc.gov.cn/diaochatongjisi/116219/116225/2893932/index.html,12.6
2014-11-30,2014-11,2014-12-12,official_release,https://www.pbc.gov.cn/diaochatongjisi/116219/116225/2809586/index.html,https://www.pbc.gov.cn/diaochatongjisi/116219/116225/2809586/index.html,12.3
2014-12-31,2014-12,2015-01-15,official_release,https://www.pbc.gov.cn/diaochatongjisi/116219/116225/2810141/index.html,https://www.pbc.gov.cn/diaochatongjisi/116219/116225/2810141/index.html,12.2
2015-01-31,2015-01,2015-02-13,official_release,https://www.pbc.gov.cn/diaochatongjisi/116219/116225/2810678/index.html,https://www.pbc.gov.cn/diaochatongjisi/116219/116225/2810678/index.html,10.8
2015-02-28,2015-02,2015-03-12,official_release,https://www.pbc.gov.cn/diaochatongjisi/116219/116225/2811006/index.html,https://www.pbc.gov.cn/diaochatongjisi/116219/116225/2811006/index.html,12.5
2015-03-31,2015-03,2015-04-14,official_release,https://www.pbc.gov.cn/diaochatongjisi/116219/116225/2811564/index.html,https://www.pbc.gov.cn/diaochatongjisi/116219/116225/2811564/index.html,11.6
2015-04-30,2015-04,2015-05-13,official_release,https://www.pbc.gov.cn/diaochatongjisi/116219/116225/2894064/index.html,https://www.pbc.gov.cn/diaochatongjisi/116219/116225/2894064/index.html,10.1
2015-05-31,2015-05,2015-06-11,official_release,https://www.pbc.gov.cn/diaochatongjisi/116219/116225/2891052/index.html,https://www.pbc.gov.cn/diaochatongjisi/116219/116225/2891052/index.html,10.8
2015-06-30,2015-06,2015-07-14,official_release,https://www.pbc.gov.cn/diaochatongjisi/116219/116225/2892632/index.html,https://www.pbc.gov.cn/diaochatongjisi/116219/116225/2892632/index.html,11.8
2015-07-31,2015-07,2015-08-11,official_release,https://www.pbc.gov.cn/diaochatongjisi/116219/116225/5a92528343084e38907dd50681ed571d/index.html,https://www.pbc.gov.cn/diaochatongjisi/116219/116225/5a92528343084e38907dd50681ed571d/index.html,13.3
2015-08-31,2015-08,2015-09-11,official_release,https://www.pbc.gov.cn/diaochatongjisi/116219/116225/b2466332f7014dd3bf832bcc1d06ee3f/index.html,https://www.pbc.gov.cn/diaochatongjisi/116219/116225/b2466332f7014dd3bf832bcc1d06ee3f/index.html,13.3
2015-09-30,2015-09,2015-10-15,official_release,https://www.pbc.gov.cn/diaochatongjisi/116219/116225/c895d9b39d1a41169bc187b75a283aba/index.html,https://www.pbc.gov.cn/diaochatongjisi/116219/116225/c895d9b39d1a41169bc187b75a283aba/index.html,13.1
2015-10-31,2015-10,2015-11-12,official_release,https://www.pbc.gov.cn/diaochatongjisi/116219/116225/f8385792c6b44ab9b396737fdfead3ee/index.html,https://www.pbc.gov.cn/diaochatongjisi/116219/116225/f8385792c6b44ab9b396737fdfead3ee/index.html,13.5
2015-11-30,2015-11,2015-12-11,official_release,https://www.pbc.gov.cn/diaochatongjisi/116219/116225/eaa8c83b22bb4532b094b87341a94379/index.html,https://www.pbc.gov.cn/diaochatongjisi/116219/116225/eaa8c83b22bb4532b094b87341a94379/index.html,13.7
2015-12-31,2015-12,2016-01-15,official_release,https://www.pbc.gov.cn/diaochatongjisi/116219/116225/97765ac732da497b842c87a46b880718/index.html,https://www.pbc.gov.cn/diaochatongjisi/116219/116225/97765ac732da497b842c87a46b880718/index.html,13.3
2016-01-31,2016-01,2016-02-16,official_release,https://www.pbc.gov.cn/diaochatongjisi/116219/116225/fd15709bca7b45b198afc93f55d767a3/index.html,https://www.pbc.gov.cn/diaochatongjisi/116219/116225/fd15709bca7b45b198afc93f55d767a3/index.html,14.0
2016-02-29,2016-02,2016-03-11,official_release,https://www.pbc.gov.cn/diaochatongjisi/116219/116225/84e4f6fb07564c45801554e8b8bedd17/index.html,https://www.pbc.gov.cn/diaochatongjisi/116219/116225/84e4f6fb07564c45801554e8b8bedd17/index.html,13.3
2016-03-31,2016-03,2016-04-15,official_release,https://www.pbc.gov.cn/diaochatongjisi/116219/116225/b45ddc8ff9aa45e099e30f53c2e1fec5/index.html,https://www.pbc.gov.cn/diaochatongjisi/116219/116225/b45ddc8ff9aa45e099e30f53c2e1fec5/index.html,13.4
2016-04-30,2016-04,2016-05-13,official_release,https://www.pbc.gov.cn/diaochatongjisi/116219/116225/bb97dc6a565940eaafd7b79a8ae7e4ef/index.html,https://www.pbc.gov.cn/diaochatongjisi/116219/116225/bb97dc6a565940eaafd7b79a8ae7e4ef/index.html,12.8
2016-05-31,2016-05,2016-06-15,official_release,https://www.pbc.gov.cn/diaochatongjisi/116219/116225/0f7a8957d2014b4d86ade7804cfb674c/index.html,https://www.pbc.gov.cn/diaochatongjisi/116219/116225/0f7a8957d2014b4d86ade7804cfb674c/index.html,11.8
2016-06-30,2016-06,2016-07-15,official_release,https://www.pbc.gov.cn/diaochatongjisi/116219/116225/53bf0dee2dde44bc92ad9fc15a66f5f7/index.html,https://www.pbc.gov.cn/diaochatongjisi/116219/116225/53bf0dee2dde44bc92ad9fc15a66f5f7/index.html,11.8
2016-07-31,2016-07,2016-08-12,official_release,https://www.pbc.gov.cn/diaochatongjisi/116219/116225/188a85c17d2a48ae9733a64831b1f6eb/index.html,https://www.pbc.gov.cn/diaochatongjisi/116219/116225/188a85c17d2a48ae9733a64831b1f6eb/index.html,10.2
2016-08-31,2016-08,2016-09-14,official_release,https://www.pbc.gov.cn/diaochatongjisi/116219/116225/75695387a18c4cde885fc539a229eeb6/index.html,https://www.pbc.gov.cn/diaochatongjisi/116219/116225/75695387a18c4cde885fc539a229eeb6/index.html,11.4
2016-09-30,2016-09,2016-10-18,official_release,https://www.pbc.gov.cn/diaochatongjisi/116219/116225/bbf60c6997224f89b6060da1b11b7019/index.html,https://www.pbc.gov.cn/diaochatongjisi/116219/116225/bbf60c6997224f89b6060da1b11b7019/index.html,11.5
2016-10-31,2016-10,2016-11-11,official_release,https://www.pbc.gov.cn/diaochatongjisi/116219/116225/501826c9a0dc430ea4e6727161b9ec3c/index.html,https://www.pbc.gov.cn/diaochatongjisi/116219/116225/501826c9a0dc430ea4e6727161b9ec3c/index.html,11.6
2016-11-30,2016-11,2016-12-14,official_release,https://www.pbc.gov.cn/diaochatongjisi/116219/116225/738510df8fe148b2b6b0569182dbb5f0/index.html,https://www.pbc.gov.cn/diaochatongjisi/116219/116225/738510df8fe148b2b6b0569182dbb5f0/index.html,11.4
2016-12-31,2016-12,2017-01-12,official_release,https://www.pbc.gov.cn/diaochatongjisi/116219/116225/feba94fde88948c7ab01231513a3474a/index.html,https://www.pbc.gov.cn/diaochatongjisi/116219/116225/feba94fde88948c7ab01231513a3474a/index.html,11.3
2017-01-31,2017-01,2017-02-14,official_release,https://www.pbc.gov.cn/diaochatongjisi/116219/116225/cda81530f91d43e196443fea525f6ee6/index.html,https://www.pbc.gov.cn/diaochatongjisi/116219/116225/cda81530f91d43e196443fea525f6ee6/index.html,11.3
2017-02-28,2017-02,2017-03-09,official_release,https://www.pbc.gov.cn/diaochatongjisi/116219/116225/f978835f25cb4db4989a06d440b24024/index.html,https://www.pbc.gov.cn/diaochatongjisi/116219/116225/f978835f25cb4db4989a06d440b24024/index.html,11.1
2017-03-31,2017-03,2017-04-14,official_release,https://www.pbc.gov.cn/diaochatongjisi/116219/116225/af0619cb0d1a4792af0e931de337624c/index.html,https://www.pbc.gov.cn/diaochatongjisi/116219/116225/af0619cb0d1a4792af0e931de337624c/index.html,10.6
2017-04-30,2017-04,2017-05-12,official_release,https://www.pbc.gov.cn/diaochatongjisi/116219/116225/c6b44abc02814295804d2fc8711405cd/index.html,https://www.pbc.gov.cn/diaochatongjisi/116219/116225/c6b44abc02814295804d2fc8711405cd/index.html,10.5
2017-05-31,2017-05,2017-06-14,official_release,https://www.pbc.gov.cn/diaochatongjisi/116219/116225/85720f7f8a494fdebbaa559d4a8ecee7/index.html,https://www.pbc.gov.cn/diaochatongjisi/116219/116225/85720f7f8a494fdebbaa559d4a8ecee7/index.html,9.6
2017-06-30,2017-06,2017-07-12,official_release,https://www.pbc.gov.cn/diaochatongjisi/116219/116225/917804053156427bb9761665610bd953/index.html,https://www.pbc.gov.cn/diaochatongjisi/116219/116225/917804053156427bb9761665610bd953/index.html,9.4
2017-07-31,2017-07,2017-08-15,official_release,https://www.pbc.gov.cn/diaochatongjisi/116219/116225/9c32c734b7b747f6a50fa698a8b17def/index.html,https://www.pbc.gov.cn/diaochatongjisi/116219/116225/9c32c734b7b747f6a50fa698a8b17def/index.html,9.2
2017-08-31,2017-08,2017-09-15,official_release,https://www.pbc.gov.cn/diaochatongjisi/116219/116225/ccd145c8b07f44fb8b8997f3e1e18582/index.html,https://www.pbc.gov.cn/diaochatongjisi/116219/116225/ccd145c8b07f44fb8b8997f3e1e18582/index.html,8.9
2017-09-30,2017-09,2017-10-14,official_release,https://www.pbc.gov.cn/diaochatongjisi/116219/116225/7bdaf576415141cb8e6ff35588ef4e32/index.html,https://www.pbc.gov.cn/diaochatongjisi/116219/116225/7bdaf576415141cb8e6ff35588ef4e32/index.html,9.2
2017-10-31,2017-10,2017-11-13,official_release,https://www.pbc.gov.cn/diaochatongjisi/116219/116225/b32a2ebb92874688b7de59996bc6ee35/index.html,https://www.pbc.gov.cn/diaochatongjisi/116219/116225/b32a2ebb92874688b7de59996bc6ee35/index.html,8.8
2017-11-30,2017-11,2017-12-11,official_release,https://www.pbc.gov.cn/diaochatongjisi/116219/116225/a83a5cac782641dca7891f117d73f4e8/index.html,https://www.pbc.gov.cn/diaochatongjisi/116219/116225/a83a5cac782641dca7891f117d73f4e8/index.html,9.1
2017-12-31,2017-12,2018-01-12,official_release,https://www.pbc.gov.cn/diaochatongjisi/116219/116225/7511420fe1454c46807f7f5d9069cc3c/index.html,https://www.pbc.gov.cn/diaochatongjisi/116219/116225/7511420fe1454c46807f7f5d9069cc3c/index.html,8.2
2018-01-31,2018-01,2018-02-12,official_release,https://www.pbc.gov.cn/diaochatongjisi/116219/116225/2d146cf183ff478b87eadfc421492f08/index.html,https://www.pbc.gov.cn/diaochatongjisi/116219/116225/2d146cf183ff478b87eadfc421492f08/index.html,8.6
2018-02-28,2018-02,2018-03-09,official_release,https://www.pbc.gov.cn/diaochatongjisi/116219/116225/6c4d7eb51e044d8692eda435db7c8607/index.html,https://www.pbc.gov.cn/diaochatongjisi/116219/116225/6c4d7eb51e044d8692eda435db7c8607/index.html,8.8
2018-03-31,2018-03,2018-04-13,official_release,https://www.pbc.gov.cn/diaochatongjisi/116219/116225/872aa7e9309d457ebc320681dac0b60b/index.html,https://www.pbc.gov.cn/diaochatongjisi/116219/116225/872aa7e9309d457ebc320681dac0b60b/index.html,8.2
2018-04-30,2018-04,2018-05-11,official_release,https://www.pbc.gov.cn/diaochatongjisi/116219/116225/5b38d6d862a8427fb2fc3f26a32782eb/index.html,https://www.pbc.gov.cn/diaochatongjisi/116219/116225/5b38d6d862a8427fb2fc3f26a32782eb/index.html,8.3
2018-05-31,2018-05,2018-06-12,official_release,https://www.pbc.gov.cn/diaochatongjisi/116219/116225/39c40d9801fe43baad09db4d64a3cc30/index.html,https://www.pbc.gov.cn/diaochatongjisi/116219/116225/39c40d9801fe43baad09db4d64a3cc30/index.html,8.3
2018-06-30,2018-06,2018-07-13,official_release,https://www.pbc.gov.cn/diaochatongjisi/116219/116225/cdd9152e7bd74c1aab063631da872b44/index.html,https://www.pbc.gov.cn/diaochatongjisi/116219/116225/cdd9152e7bd74c1aab063631da872b44/index.html,8.0
2018-07-31,2018-07,2018-08-13,official_release,https://www.pbc.gov.cn/diaochatongjisi/116219/116225/2d8fe4cbe89d4ac5b57580bf88d95bad/index.html,https://www.pbc.gov.cn/diaochatongjisi/116219/116225/2d8fe4cbe89d4ac5b57580bf88d95bad/index.html,8.5
2018-08-31,2018-08,2018-09-12,official_release,https://www.pbc.gov.cn/diaochatongjisi/116219/116225/7d686194c5ac49f185ae51c92a1aa5d1/index.html,https://www.pbc.gov.cn/diaochatongjisi/116219/116225/7d686194c5ac49f185ae51c92a1aa5d1/index.html,8.2
2018-09-30,2018-09,2018-10-17,official_release,https://www.pbc.gov.cn/diaochatongjisi/116219/116225/09b04ac75bfe45d38ade1e9b6bd317f6/index.html,https://www.pbc.gov.cn/diaochatongjisi/116219/116225/09b04ac75bfe45d38ade1e9b6bd317f6/index.html,8.3
2018-10-31,2018-10,2018-11-13,official_release,https://www.pbc.gov.cn/diaochatongjisi/116219/116225/a7a07c14c5f74fe5be63ee840998373e/index.html,https://www.pbc.gov.cn/diaochatongjisi/116219/116225/a7a07c14c5f74fe5be63ee840998373e/index.html,8.0
2018-11-30,2018-11,2018-12-11,official_release,https://www.pbc.gov.cn/diaochatongjisi/116219/116225/4e38e25701764e6f93623ccd43e02824/index.html,https://www.pbc.gov.cn/diaochatongjisi/116219/116225/4e38e25701764e6f93623ccd43e02824/index.html,8.0
2018-12-31,2018-12,2019-01-15,official_release,https://www.pbc.gov.cn/diaochatongjisi/116219/116225/370befa3ce2042dfbc414b74f3b397b7/index.html,https://www.pbc.gov.cn/diaochatongjisi/116219/116225/370befa3ce2042dfbc414b74f3b397b7/index.html,8.1
2019-01-31,2019-01,2019-02-15,official_release,https://www.pbc.gov.cn/diaochatongjisi/116219/116225/7edf9df774a54075bbe1ee1a2668d2de/index.html,https://www.pbc.gov.cn/diaochatongjisi/116219/116225/7edf9df774a54075bbe1ee1a2668d2de/index.html,8.4
2019-02-28,2019-02,2019-03-10,official_release,https://www.pbc.gov.cn/diaochatongjisi/116219/116225/2e1a6b1acada49c1a209632913dd7372/index.html,https://www.pbc.gov.cn/diaochatongjisi/116219/116225/2e1a6b1acada49c1a209632913dd7372/index.html,8.0
2019-03-31,2019-03,2019-04-12,official_release,https://www.pbc.gov.cn/diaochatongjisi/116219/116225/4818fd3dab79452b88397496fdd6798f/index.html,https://www.pbc.gov.cn/diaochatongjisi/116219/116225/4818fd3dab79452b88397496fdd6798f/index.html,8.6
2019-04-30,2019-04,2019-05-09,official_release,https://www.pbc.gov.cn/diaochatongjisi/116219/116225/3c2f9ef3241c41d08397b3b59249a315/index.html,https://www.pbc.gov.cn/diaochatongjisi/116219/116225/3c2f9ef3241c41d08397b3b59249a315/index.html,8.5
2019-05-31,2019-05,2019-06-12,official_release,https://www.pbc.gov.cn/diaochatongjisi/116219/116225/2edf6db10c484ffdb80a7ea24103f619/index.html,https://www.pbc.gov.cn/diaochatongjisi/116219/116225/2edf6db10c484ffdb80a7ea24103f619/index.html,8.5
2019-06-30,2019-06,2019-07-12,official_release,https://www.pbc.gov.cn/diaochatongjisi/116219/116225/36f1df21079a43a9aa55ed47470fee39/index.html,https://www.pbc.gov.cn/diaochatongjisi/116219/116225/36f1df21079a43a9aa55ed47470fee39/index.html,8.5
2019-07-31,2019-07,2019-08-12,official_release,https://www.pbc.gov.cn/diaochatongjisi/116219/116225/f1bf08eb3d234190b8f5bbfda7e849c0/index.html,https://www.pbc.gov.cn/diaochatongjisi/116219/116225/f1bf08eb3d234190b8f5bbfda7e849c0/index.html,8.1
2019-08-31,2019-08,2019-09-11,official_release,https://www.pbc.gov.cn/diaochatongjisi/116219/116225/65f03fdfd3e848079dc5744d3e350433/index.html,https://www.pbc.gov.cn/diaochatongjisi/116219/116225/65f03fdfd3e848079dc5744d3e350433/index.html,8.2
2019-09-30,2019-09,2019-10-15,official_release,https://www.pbc.gov.cn/diaochatongjisi/116219/116225/82d281896ed54b3f8df03a039330b997/index.html,https://www.pbc.gov.cn/diaochatongjisi/116219/116225/82d281896ed54b3f8df03a039330b997/index.html,8.4
2019-10-31,2019-10,2019-11-11,official_release,https://www.pbc.gov.cn/diaochatongjisi/116219/116225/78851d4253ca4d19897561bd76da04cf/index.html,https://www.pbc.gov.cn/diaochatongjisi/116219/116225/78851d4253ca4d19897561bd76da04cf/index.html,8.4
2019-11-30,2019-11,2019-12-10,official_release,https://www.pbc.gov.cn/diaochatongjisi/116219/116225/ad8855023c7a444c9b0ca7a1aeee9d45/index.html,https://www.pbc.gov.cn/diaochatongjisi/116219/116225/ad8855023c7a444c9b0ca7a1aeee9d45/index.html,8.2
2019-12-31,2019-12,2020-01-16,official_release,https://www.pbc.gov.cn/diaochatongjisi/116219/116225/e5420050caef4bd194d3493587f1ccf3/index.html,https://www.pbc.gov.cn/diaochatongjisi/116219/116225/e5420050caef4bd194d3493587f1ccf3/index.html,8.7
2020-01-31,2020-01,2020-02-20,official_release,https://www.pbc.gov.cn/diaochatongjisi/116219/116225/bcd66ffee22c4102b3e569236b67b5cc/index.html,https://www.pbc.gov.cn/diaochatongjisi/116219/116225/bcd66ffee22c4102b3e569236b67b5cc/index.html,8.4
2020-02-29,2020-02,2020-03-11,official_release,https://www.pbc.gov.cn/diaochatongjisi/116219/116225/1a0947afef2f41a2afb51524ae22f906/index.html,https://www.pbc.gov.cn/diaochatongjisi/116219/116225/1a0947afef2f41a2afb51524ae22f906/index.html,8.8
2020-03-31,2020-03,2020-04-10,official_release,https://www.pbc.gov.cn/diaochatongjisi/116219/116225/6dfb6fe26fd54d899c70f0f6c1ed48ea/index.html,https://www.pbc.gov.cn/diaochatongjisi/116219/116225/6dfb6fe26fd54d899c70f0f6c1ed48ea/index.html,10.1
2020-04-30,2020-04,2020-05-11,official_release,https://www.pbc.gov.cn/diaochatongjisi/116219/116225/1ef2894f7ccc4118aeee124111981627/index.html,https://www.pbc.gov.cn/diaochatongjisi/116219/116225/1ef2894f7ccc4118aeee124111981627/index.html,11.1
2020-05-31,2020-05,2020-06-10,official_release,https://www.pbc.gov.cn/diaochatongjisi/116219/116225/56bb60fda9174fbc80cf77211059ee44/index.html,https://www.pbc.gov.cn/diaochatongjisi/116219/116225/56bb60fda9174fbc80cf77211059ee44/index.html,11.1
2020-06-30,2020-06,2020-07-10,official_release,https://www.pbc.gov.cn/diaochatongjisi/116219/116225/6fe260e946354c69b176d7084eea7796/index.html,https://www.pbc.gov.cn/diaochatongjisi/116219/116225/6fe260e946354c69b176d7084eea7796/index.html,11.1
2020-07-31,2020-07,2020-08-11,official_release,https://www.pbc.gov.cn/diaochatongjisi/116219/116225/99867bfaedbb47c9bd96e0c8f183d638/index.html,https://www.pbc.gov.cn/diaochatongjisi/116219/116225/99867bfaedbb47c9bd96e0c8f183d638/index.html,10.7
2020-08-31,2020-08,2020-09-11,official_release,https://www.pbc.gov.cn/diaochatongjisi/116219/116225/be8e91f117384eac8934a50d21a75e42/index.html,https://www.pbc.gov.cn/diaochatongjisi/116219/116225/be8e91f117384eac8934a50d21a75e42/index.html,10.4
2020-09-30,2020-09,2020-10-14,official_release,https://www.pbc.gov.cn/diaochatongjisi/116219/116225/60a7ef6a806541ad96758ac95370721e/index.html,https://www.pbc.gov.cn/diaochatongjisi/116219/116225/60a7ef6a806541ad96758ac95370721e/index.html,10.9
2020-10-31,2020-10,2020-11-11,official_release,https://www.pbc.gov.cn/diaochatongjisi/116219/116225/79a87e151d864ee6925342d92eaedd7e/index.html,https://www.pbc.gov.cn/diaochatongjisi/116219/116225/79a87e151d864ee6925342d92eaedd7e/index.html,10.5
2020-11-30,2020-11,2020-12-09,official_release,https://www.pbc.gov.cn/diaochatongjisi/116219/116225/72cffad8b2fa4a3898c88321bfe06908/index.html,https://www.pbc.gov.cn/diaochatongjisi/116219/116225/72cffad8b2fa4a3898c88321bfe06908/index.html,10.7
2020-12-31,2020-12,2021-01-12,official_release,https://www.pbc.gov.cn/diaochatongjisi/116219/116225/f67a498ba4df43bdbc4cc3053c6bc168/index.html,https://www.pbc.gov.cn/diaochatongjisi/116219/116225/f67a498ba4df43bdbc4cc3053c6bc168/index.html,10.1
2021-01-31,2021-01,2021-02-09,official_release,https://www.pbc.gov.cn/diaochatongjisi/116219/116225/de29861e7a2848368ce269dfc31e6be6/index.html,https://www.pbc.gov.cn/diaochatongjisi/116219/116225/de29861e7a2848368ce269dfc31e6be6/index.html,9.4
2021-02-28,2021-02,2021-03-10,official_release,https://www.pbc.gov.cn/diaochatongjisi/116219/116225/e8f0ed951dcb44aca265fb31ff7eeff6/index.html,https://www.pbc.gov.cn/diaochatongjisi/116219/116225/e8f0ed951dcb44aca265fb31ff7eeff6/index.html,10.1
2021-03-31,2021-03,2021-04-12,official_release,https://www.pbc.gov.cn/diaochatongjisi/116219/116225/565787bbb7074e018bdee0080de52024/index.html,https://www.pbc.gov.cn/diaochatongjisi/116219/116225/565787bbb7074e018bdee0080de52024/index.html,9.4
2021-04-30,2021-04,2021-05-12,official_release,https://www.pbc.gov.cn/diaochatongjisi/116219/116225/11a114b756b34c2dbf62b7ccebf6f8a9/index.html,https://www.pbc.gov.cn/diaochatongjisi/116219/116225/11a114b756b34c2dbf62b7ccebf6f8a9/index.html,8.1
2021-05-31,2021-05,2021-06-10,official_release,https://www.pbc.gov.cn/diaochatongjisi/116219/116225/8547a25bf7384b908b4679dd352cee24/index.html,https://www.pbc.gov.cn/diaochatongjisi/116219/116225/8547a25bf7384b908b4679dd352cee24/index.html,8.3
2021-06-30,2021-06,2021-07-09,official_release,https://www.pbc.gov.cn/diaochatongjisi/116219/116225/d3af357ad35b4fb78426c435987af0aa/index.html,https://www.pbc.gov.cn/diaochatongjisi/116219/116225/d3af357ad35b4fb78426c435987af0aa/index.html,8.6
2021-07-31,2021-07,2021-08-11,official_release,https://www.pbc.gov.cn/diaochatongjisi/116219/116225/cbf663c7555049f291d3f8e0e2bae83f/index.html,https://www.pbc.gov.cn/diaochatongjisi/116219/116225/cbf663c7555049f291d3f8e0e2bae83f/index.html,8.3
2021-08-31,2021-08,2021-09-10,official_release,https://www.pbc.gov.cn/diaochatongjisi/116219/116225/6ad95be1e9524d7f857544a295f07c82/index.html,https://www.pbc.gov.cn/diaochatongjisi/116219/116225/6ad95be1e9524d7f857544a295f07c82/index.html,8.2
2021-09-30,2021-09,2021-10-13,official_release,https://www.pbc.gov.cn/diaochatongjisi/116219/116225/4eb6a532bbe14e14924f09dac64d6d0e/index.html,https://www.pbc.gov.cn/diaochatongjisi/116219/116225/4eb6a532bbe14e14924f09dac64d6d0e/index.html,8.3
2021-10-31,2021-10,2021-11-10,official_release,https://www.pbc.gov.cn/diaochatongjisi/116219/116225/49c49e1c0f3945a58821af20b1d49e7b/index.html,https://www.pbc.gov.cn/diaochatongjisi/116219/116225/49c49e1c0f3945a58821af20b1d49e7b/index.html,8.7
2021-11-30,2021-11,2021-12-09,official_release,https://www.pbc.gov.cn/diaochatongjisi/116219/116225/28034b83163d40d2bf5aacb2112e2062/index.html,https://www.pbc.gov.cn/diaochatongjisi/116219/116225/28034b83163d40d2bf5aacb2112e2062/index.html,8.5
2021-12-31,2021-12,2022-01-12,official_release,https://www.pbc.gov.cn/diaochatongjisi/116219/116225/216996c140a74b30a2595ec8a8f58ce3/index.html,https://www.pbc.gov.cn/diaochatongjisi/116219/116225/216996c140a74b30a2595ec8a8f58ce3/index.html,9.0
2022-01-31,2022-01,2022-02-10,official_release,https://www.pbc.gov.cn/diaochatongjisi/116219/116225/03855a5cd8494b8fa37f81b058a844fd/index.html,https://www.pbc.gov.cn/diaochatongjisi/116219/116225/03855a5cd8494b8fa37f81b058a844fd/index.html,9.8
2022-02-28,2022-02,2022-03-11,official_release,https://www.pbc.gov.cn/diaochatongjisi/116219/116225/f8157ada86814e82a99d8629e07e0cba/index.html,https://www.pbc.gov.cn/diaochatongjisi/116219/116225/f8157ada86814e82a99d8629e07e0cba/index.html,9.2
2022-03-31,2022-03,2022-04-11,official_release,https://www.pbc.gov.cn/diaochatongjisi/116219/116225/b120f9b0d55f4bf995f9b77bcce41757/index.html,https://www.pbc.gov.cn/diaochatongjisi/116219/116225/b120f9b0d55f4bf995f9b77bcce41757/index.html,9.7
2022-04-30,2022-04,2022-05-13,official_release,https://www.pbc.gov.cn/diaochatongjisi/116219/116225/356bd109230b48ae9013b790520a3425/index.html,https://www.pbc.gov.cn/diaochatongjisi/116219/116225/356bd109230b48ae9013b790520a3425/index.html,10.5
2022-05-31,2022-05,2022-06-10,official_release,https://www.pbc.gov.cn/diaochatongjisi/116219/116225/adc58e98876a43ac8f9a3f3ae9020178/index.html,https://www.pbc.gov.cn/diaochatongjisi/116219/116225/adc58e98876a43ac8f9a3f3ae9020178/index.html,11.1
2022-06-30,2022-06,2022-07-11,official_release,https://www.pbc.gov.cn/diaochatongjisi/116219/116225/5e5f733aaa0f44228c7a1aa1d807871d/index.html,https://www.pbc.gov.cn/diaochatongjisi/116219/116225/5e5f733aaa0f44228c7a1aa1d807871d/index.html,11.4
2022-07-31,2022-07,2022-08-12,official_release,https://www.pbc.gov.cn/diaochatongjisi/116219/116225/89a04f538b414573a827dd0666294e69/index.html,https://www.pbc.gov.cn/diaochatongjisi/116219/116225/89a04f538b414573a827dd0666294e69/index.html,12.0
2022-08-31,2022-08,2022-09-09,official_release,https://www.pbc.gov.cn/diaochatongjisi/116219/116225/b2dfd3ad0adc4d3ca62f1adacea5fc09/index.html,https://www.pbc.gov.cn/diaochatongjisi/116219/116225/b2dfd3ad0adc4d3ca62f1adacea5fc09/index.html,12.2
2022-09-30,2022-09,2022-10-11,official_release,https://www.pbc.gov.cn/diaochatongjisi/116219/116225/fb30cb8791924291b5365d3e092bc803/index.html,https://www.pbc.gov.cn/diaochatongjisi/116219/116225/fb30cb8791924291b5365d3e092bc803/index.html,12.1
2022-10-31,2022-10,2022-11-10,official_release,https://www.pbc.gov.cn/diaochatongjisi/116219/116225/e15a1be918ed495488bf16af0fb7214f/index.html,https://www.pbc.gov.cn/diaochatongjisi/116219/116225/e15a1be918ed495488bf16af0fb7214f/index.html,11.8
2022-11-30,2022-11,2022-12-12,official_release,https://www.pbc.gov.cn/diaochatongjisi/116219/116225/a0e7f0189181456d9fcde9ee5e423584/index.html,https://www.pbc.gov.cn/diaochatongjisi/116219/116225/a0e7f0189181456d9fcde9ee5e423584/index.html,12.4
2022-12-31,2022-12,2023-01-10,official_release,https://www.pbc.gov.cn/diaochatongjisi/116219/116225/568387ff70be457590732b5e044f8e18/index.html,https://www.pbc.gov.cn/diaochatongjisi/116219/116225/568387ff70be457590732b5e044f8e18/index.html,11.8
2023-01-31,2023-01,2023-02-10,official_release,https://www.pbc.gov.cn/diaochatongjisi/116219/116225/1421ef5774954fd795d2e2312daf0470/index.html,https://www.pbc.gov.cn/diaochatongjisi/116219/116225/1421ef5774954fd795d2e2312daf0470/index.html,12.6
2023-02-28,2023-02,2023-03-10,official_release,https://www.pbc.gov.cn/diaochatongjisi/116219/116225/588b2401df5344f68b78d51b7396d743/index.html,https://www.pbc.gov.cn/diaochatongjisi/116219/116225/588b2401df5344f68b78d51b7396d743/index.html,12.9
2023-03-31,2023-03,2023-04-11,official_release,https://www.pbc.gov.cn/diaochatongjisi/116219/116225/532709cd6dc346c6abd925556437511d/index.html,https://www.pbc.gov.cn/diaochatongjisi/116219/116225/532709cd6dc346c6abd925556437511d/index.html,12.7
2023-04-30,2023-04,2023-05-11,official_release,https://www.pbc.gov.cn/diaochatongjisi/116219/116225/1bb8759c90de4353b2a93e00438375e3/index.html,https://www.pbc.gov.cn/diaochatongjisi/116219/116225/1bb8759c90de4353b2a93e00438375e3/index.html,12.4
2023-05-31,2023-05,2023-06-13,official_release,https://www.pbc.gov.cn/diaochatongjisi/116219/116225/0755aafdab32428daa12f2cf682c81ba/index.html,https://www.pbc.gov.cn/diaochatongjisi/116219/116225/0755aafdab32428daa12f2cf682c81ba/index.html,11.6
2023-06-30,2023-06,2023-07-11,official_release,https://www.pbc.gov.cn/diaochatongjisi/116219/116225/33ed4f226f484e66a50446175026c639/index.html,https://www.pbc.gov.cn/diaochatongjisi/116219/116225/33ed4f226f484e66a50446175026c639/index.html,11.3
2023-07-31,2023-07,2023-08-11,official_release,https://www.pbc.gov.cn/diaochatongjisi/116219/116225/88fe2f6caa7d46e8ba029def777c7831/index.html,https://www.pbc.gov.cn/diaochatongjisi/116219/116225/88fe2f6caa7d46e8ba029def777c7831/index.html,10.7
2023-08-31,2023-08,2023-09-11,official_release,https://www.pbc.gov.cn/diaochatongjisi/116219/116225/f30cb865aa774555bccb5ae49470007c/index.html,https://www.pbc.gov.cn/diaochatongjisi/116219/116225/f30cb865aa774555bccb5ae49470007c/index.html,10.6
2023-09-30,2023-09,2023-10-13,official_release,https://www.pbc.gov.cn/diaochatongjisi/116219/116225/13726e91dd8d4423b12ec14955d6601a/index.html,https://www.pbc.gov.cn/diaochatongjisi/116219/116225/13726e91dd8d4423b12ec14955d6601a/index.html,10.3
2023-10-31,2023-10,2023-11-13,official_release,https://www.pbc.gov.cn/diaochatongjisi/116219/116225/8393556d383747a3bc6ad513618ae523/index.html,https://www.pbc.gov.cn/diaochatongjisi/116219/116225/8393556d383747a3bc6ad513618ae523/index.html,10.3
2023-11-30,2023-11,2023-12-13,official_release,https://www.pbc.gov.cn/diaochatongjisi/116219/116225/b21be1ab65c94424a612a7666d605a1b/index.html,https://www.pbc.gov.cn/diaochatongjisi/116219/116225/b21be1ab65c94424a612a7666d605a1b/index.html,10.0
2023-12-31,2023-12,2024-01-12,official_release,https://www.pbc.gov.cn/diaochatongjisi/116219/116225/1a6fe9c99e0b4b3ba35bbd038ef8535c/index.html,https://www.pbc.gov.cn/diaochatongjisi/116219/116225/1a6fe9c99e0b4b3ba35bbd038ef8535c/index.html,9.7
2024-01-31,2024-01,2024-02-09,official_release,https://www.pbc.gov.cn/diaochatongjisi/116219/116225/a46e2ace126b4c4391b512bf4bde01f9/index.html,https://www.pbc.gov.cn/diaochatongjisi/116219/116225/a46e2ace126b4c4391b512bf4bde01f9/index.html,8.7
2024-02-29,2024-02,2024-03-15,official_release,https://www.pbc.gov.cn/diaochatongjisi/116219/116225/92d0ec2dadd140219750ffd27571ca1a/index.html,https://www.pbc.gov.cn/diaochatongjisi/116219/116225/92d0ec2dadd140219750ffd27571ca1a/index.html,8.7
2024-03-31,2024-03,2024-04-12,official_release,https://www.pbc.gov.cn/diaochatongjisi/116219/116225/5e836772302043d99354efa62c01029d/index.html,https://www.pbc.gov.cn/diaochatongjisi/116219/116225/5e836772302043d99354efa62c01029d/index.html,8.3
2024-04-30,2024-04,2024-05-11,official_release,https://www.pbc.gov.cn/diaochatongjisi/116219/116225/755eb247554443c3aea852f0f11546a2/index.html,https://www.pbc.gov.cn/diaochatongjisi/116219/116225/755eb247554443c3aea852f0f11546a2/index.html,7.2
2024-05-31,2024-05,2024-06-14,official_release,https://www.pbc.gov.cn/diaochatongjisi/116219/116225/b59c04b2e581418f9109dcdff76de699/index.html,https://www.pbc.gov.cn/diaochatongjisi/116219/116225/b59c04b2e581418f9109dcdff76de699/index.html,7.0
2024-06-30,2024-06,2024-07-12,official_release,https://www.pbc.gov.cn/diaochatongjisi/116219/116225/25bd40fd26ae4b1488369f7df33ffc94/index.html,https://www.pbc.gov.cn/diaochatongjisi/116219/116225/25bd40fd26ae4b1488369f7df33ffc94/index.html,6.2
2024-07-31,2024-07,2024-08-13,official_release,https://www.pbc.gov.cn/diaochatongjisi/116219/116225/8980a8a6f1414f649d3443cc09352c2b/index.html,https://www.pbc.gov.cn/diaochatongjisi/116219/116225/8980a8a6f1414f649d3443cc09352c2b/index.html,6.3
2024-08-31,2024-08,2024-09-13,official_release,https://www.pbc.gov.cn/diaochatongjisi/116219/116225/41425ee3179143a29c4656e31b6df3d8/index.html,https://www.pbc.gov.cn/diaochatongjisi/116219/116225/41425ee3179143a29c4656e31b6df3d8/index.html,6.3
2024-09-30,2024-09,2024-10-14,official_release,https://www.pbc.gov.cn/diaochatongjisi/116219/116225/02a6abaaea894de8b591846e295826e6/index.html,https://www.pbc.gov.cn/diaochatongjisi/116219/116225/02a6abaaea894de8b591846e295826e6/index.html,6.8
2024-10-31,2024-10,2024-11-11,official_release,https://www.pbc.gov.cn/diaochatongjisi/116219/116225/6a9d1d8c3460445bb190bff0d58e4484/index.html,https://www.pbc.gov.cn/diaochatongjisi/116219/116225/6a9d1d8c3460445bb190bff0d58e4484/index.html,7.5
2024-11-30,2024-11,2024-12-13,official_release,https://www.pbc.gov.cn/diaochatongjisi/116219/116225/6bfd794fa2a0407d9a1dbddb6fa3f77f/index.html,https://www.pbc.gov.cn/diaochatongjisi/116219/116225/6bfd794fa2a0407d9a1dbddb6fa3f77f/index.html,7.1
2024-12-31,2024-12,2025-01-14,official_release,https://www.pbc.gov.cn/diaochatongjisi/116219/116225/5fb867cbec1b4772b8f6f98b5d0ede52/index.html,https://www.pbc.gov.cn/diaochatongjisi/116219/116225/5fb867cbec1b4772b8f6f98b5d0ede52/index.html,7.3
2025-02-28,2025-02,2025-03-14,official_release,https://www.pbc.gov.cn/diaochatongjisi/116219/116225/2025080618505068053/index.html,https://www.pbc.gov.cn/diaochatongjisi/116219/116225/2025080618505068053/index.html,7.0
2025-03-31,2025-03,2025-04-13,official_release,https://www.pbc.gov.cn/diaochatongjisi/116219/116225/2025080618505039987/index.html,https://www.pbc.gov.cn/diaochatongjisi/116219/116225/2025080618505039987/index.html,7.0
2025-04-30,2025-04,2025-05-14,official_release,https://www.pbc.gov.cn/diaochatongjisi/116219/116225/2025080618505010475/index.html,https://www.pbc.gov.cn/diaochatongjisi/116219/116225/2025080618505010475/index.html,8.0
2025-05-31,2025-05,2025-06-13,official_release,https://www.pbc.gov.cn/diaochatongjisi/116219/116225/2025080618505081124/index.html,https://www.pbc.gov.cn/diaochatongjisi/116219/116225/2025080618505081124/index.html,7.9
2025-06-30,2025-06,2025-07-14,official_release,https://www.pbc.gov.cn/diaochatongjisi/116219/116225/2025080618505071886/index.html,https://www.pbc.gov.cn/diaochatongjisi/116219/116225/2025080618505071886/index.html,8.3
2025-07-31,2025-07,2025-08-13,official_release,https://www.pbc.gov.cn/diaochatongjisi/116219/116225/2972dbe4d53540e5a9d0b5781c71480d/index.html,https://www.pbc.gov.cn/diaochatongjisi/116219/116225/2972dbe4d53540e5a9d0b5781c71480d/index.html,8.8
2025-08-31,2025-08,2025-09-12,official_release,https://www.pbc.gov.cn/diaochatongjisi/116219/116225/e3120f58ec724fe1811d9dadf67232d2/index.html,https://www.pbc.gov.cn/diaochatongjisi/116219/116225/e3120f58ec724fe1811d9dadf67232d2/index.html,8.8
2025-09-30,2025-09,2025-10-15,official_release,https://www.pbc.gov.cn/diaochatongjisi/116219/116225/dded7449c74144a19171f582bec9ed36/index.html,https://www.pbc.gov.cn/diaochatongjisi/116219/116225/dded7449c74144a19171f582bec9ed36/index.html,8.4
2025-10-31,2025-10,2025-11-13,official_release,https://www.pbc.gov.cn/diaochatongjisi/116219/116225/f294561578884c22878d115780ba7c08/index.html,https://www.pbc.gov.cn/diaochatongjisi/116219/116225/f294561578884c22878d115780ba7c08/index.html,8.2
2025-11-30,2025-11,2025-12-12,official_release,https://www.pbc.gov.cn/diaochatongjisi/116219/116225/2025121217132789688/index.html,https://www.pbc.gov.cn/diaochatongjisi/116219/116225/2025121217132789688/index.html,8.0
2025-12-31,2025-12,2026-01-15,official_release,https://www.pbc.gov.cn/diaochatongjisi/116219/116225/2026011515015720511/index.html,https://www.pbc.gov.cn/diaochatongjisi/116219/116225/2026011515015720511/index.html,8.5
2026-01-31,2026-01,2026-02-13,official_release,https://www.pbc.gov.cn/diaochatongjisi/116219/116225/2026021317031040775/index.html,https://www.pbc.gov.cn/diaochatongjisi/116219/116225/2026021317031040775/index.html,9.0
2026-02-28,2026-02,2026-03-13,official_release,https://www.pbc.gov.cn/diaochatongjisi/116219/116225/2026031317020260950/index.html,https://www.pbc.gov.cn/diaochatongjisi/116219/116225/2026031317020260950/index.html,9.0
2026-03-31,2026-03,2026-04-13,official_release,https://www.pbc.gov.cn/diaochatongjisi/116219/116225/2026041317011944771/index.html,https://www.pbc.gov.cn/diaochatongjisi/116219/116225/2026041317011944771/index.html,8.5
2026-04-30,2026-04,2026-05-14,official_release,https://www.pbc.gov.cn/diaochatongjisi/116219/116225/2026051417030520490/index.html,https://www.pbc.gov.cn/diaochatongjisi/116219/116225/2026051417030520490/index.html,8.6
2026-05-31,2026-05,2026-06-12,official_release,https://www.pbc.gov.cn/diaochatongjisi/116219/116225/2026061217051611931/index.html,https://www.pbc.gov.cn/diaochatongjisi/116219/116225/2026061217051611931/index.html,8.6
2026-06-30,2026-06,2026-07-15,official_release,https://www.pbc.gov.cn/diaochatongjisi/116219/116225/2026071515025183948/index.html,https://www.pbc.gov.cn/diaochatongjisi/116219/116225/2026071515025183948/index.html,8.0
2026-07-31,2026-07,2026-08-14,official_release,https://www.pbc.gov.cn/diaochatongjisi/116219/116225/2026081416320925645/index.html,https://www.pbc.gov.cn/diaochatongjisi/116219/116225/2026081416320925645/index.html,7.7
2026-08-31,2026-08,2026-09-14,official_release,https://www.pbc.gov.cn/diaochatongjisi/116219/116225/2026091417020862747/index.html,https://www.pbc.gov.cn/diaochatongjisi/116219/116225/2026091417020862747/index.html,7.5
