observation_date,observation_period,available_date,availability_basis,availability_evidence_url,source_value_url,value
2021-10-31,2021-10,2021-11-10,official_release,https://www.stats.gov.cn/sj/zxfb/202302/t20230203_1901273.html,https://www.stats.gov.cn/sj/zxfb/202302/t20230203_1901273.html,13.5
2021-11-30,2021-11,2021-12-09,official_release,https://www.stats.gov.cn/sj/zxfb/202302/t20230203_1901297.html,https://www.stats.gov.cn/sj/zxfb/202302/t20230203_1901297.html,12.9
2021-12-31,2021-12,2022-01-12,official_release,https://www.stats.gov.cn/sj/zxfb/202302/t20230203_1901329.html,https://www.stats.gov.cn/sj/zxfb/202302/t20230203_1901329.html,10.3
2022-01-31,2022-01,2022-02-16,official_release,https://www.stats.gov.cn/sj/zxfb/202302/t20230203_1901368.html,https://www.stats.gov.cn/sj/zxfb/202302/t20230203_1901368.html,9.1
2022-02-28,2022-02,2022-03-09,official_release,https://www.stats.gov.cn/sj/zxfb/202302/t20230203_1901399.html,https://www.stats.gov.cn/sj/zxfb/202302/t20230203_1901399.html,8.8
2022-03-31,2022-03,2022-04-11,official_release,https://www.stats.gov.cn/sj/zxfb/202302/t20230203_1901422.html,https://www.stats.gov.cn/sj/zxfb/202302/t20230203_1901422.html,8.3
2022-04-30,2022-04,2022-05-11,official_release,https://www.stats.gov.cn/sj/zxfb/202302/t20230203_1901457.html,https://www.stats.gov.cn/sj/zxfb/202302/t20230203_1901457.html,8.0
2022-05-31,2022-05,2022-06-10,official_release,https://www.stats.gov.cn/sj/zxfb/202302/t20230203_1901483.html,https://www.stats.gov.cn/sj/zxfb/202302/t20230203_1901483.html,6.4
2022-06-30,2022-06,2022-07-09,official_release,https://www.stats.gov.cn/sj/zxfb/202302/t20230203_1901505.html,https://www.stats.gov.cn/sj/zxfb/202302/t20230203_1901505.html,6.1
2022-07-31,2022-07,2022-08-10,official_release,https://www.stats.gov.cn/sj/zxfb/202302/t20230203_1901543.html,https://www.stats.gov.cn/sj/zxfb/202302/t20230203_1901543.html,4.2
2022-08-31,2022-08,2022-09-09,official_release,https://www.stats.gov.cn/sj/zxfb/202302/t20230203_1901571.html,https://www.stats.gov.cn/sj/zxfb/202302/t20230203_1901571.html,2.3
2022-09-30,2022-09,2022-10-14,official_release,https://www.stats.gov.cn/sj/zxfb/202302/t20230203_1901614.html,https://www.stats.gov.cn/sj/zxfb/202302/t20230203_1901614.html,0.9
2022-10-31,2022-10,2022-11-09,official_release,https://www.stats.gov.cn/sj/zxfb/202302/t20230203_1901648.html,https://www.stats.gov.cn/sj/zxfb/202302/t20230203_1901648.html,-1.3
2022-11-30,2022-11,2022-12-09,official_release,https://www.stats.gov.cn/sj/zxfb/202302/t20230203_1901671.html,https://www.stats.gov.cn/sj/zxfb/202302/t20230203_1901671.html,-1.3
2022-12-31,2022-12,2023-01-12,official_release,https://www.stats.gov.cn/sj/zxfb/202302/t20230203_1901704.html,https://www.stats.gov.cn/sj/zxfb/202302/t20230203_1901704.html,-0.7
2023-01-31,2023-01,2023-02-10,official_release,https://www.stats.gov.cn/sj/zxfb/202302/t20230220_1913662.html,https://www.stats.gov.cn/sj/zxfb/202302/t20230220_1913662.html,-0.8
2023-02-28,2023-02,2023-03-09,official_release,https://www.stats.gov.cn/sj/zxfb/202303/t20230309_1936953.html,https://www.stats.gov.cn/sj/zxfb/202303/t20230309_1936953.html,-1.4
2023-03-31,2023-03,2023-04-11,official_release,https://www.stats.gov.cn/sj/zxfb/202304/t20230411_1938508.html,https://www.stats.gov.cn/sj/zxfb/202304/t20230411_1938508.html,-2.5
2023-04-30,2023-04,2023-05-11,official_release,https://www.stats.gov.cn/sj/zxfb/202305/t20230511_1939348.html,https://www.stats.gov.cn/sj/zxfb/202305/t20230511_1939348.html,-3.6
2023-05-31,2023-05,2023-06-09,official_release,https://www.stats.gov.cn/sj/zxfb/202306/t20230609_1940480.html,https://www.stats.gov.cn/sj/zxfb/202306/t20230609_1940480.html,-4.6
2023-06-30,2023-06,2023-07-10,official_release,https://www.stats.gov.cn/sj/zxfb/202307/t20230710_1941148.html,https://www.stats.gov.cn/sj/zxfb/202307/t20230710_1941148.html,-5.4
2023-07-31,2023-07,2023-08-09,official_release,https://www.stats.gov.cn/sj/zxfb/202308/t20230809_1941864.html,https://www.stats.gov.cn/sj/zxfb/202308/t20230809_1941864.html,-4.4
2023-08-31,2023-08,2023-09-09,official_release,https://www.stats.gov.cn/sj/zxfb/202309/t20230909_1942696.html,https://www.stats.gov.cn/sj/zxfb/202309/t20230909_1942696.html,-3.0
2023-09-30,2023-09,2023-10-13,official_release,https://www.stats.gov.cn/sj/zxfb/202310/t20231013_1943549.html,https://www.stats.gov.cn/sj/zxfb/202310/t20231013_1943549.html,-2.5
2023-10-31,2023-10,2023-11-09,official_release,https://www.stats.gov.cn/sj/zxfb/202311/t20231109_1944383.html,https://www.stats.gov.cn/sj/zxfb/202311/t20231109_1944383.html,-2.6
2023-11-30,2023-11,2023-12-09,official_release,https://www.stats.gov.cn/sj/zxfb/202312/t20231209_1945395.html,https://www.stats.gov.cn/sj/zxfb/202312/t20231209_1945395.html,-3.0
2023-12-31,2023-12,2024-01-12,official_release,https://www.stats.gov.cn/sj/zxfb/202401/t20240112_1946466.html,https://www.stats.gov.cn/sj/zxfb/202401/t20240112_1946466.html,-2.7
2024-01-31,2024-01,2024-02-08,official_release,https://www.stats.gov.cn/sj/zxfb/202402/t20240208_1947624.html,https://www.stats.gov.cn/sj/zxfb/202402/t20240208_1947624.html,-2.5
2024-02-29,2024-02,2024-03-09,official_release,https://www.stats.gov.cn/sj/zxfb/202403/t20240321_1948095.html,https://www.stats.gov.cn/sj/zxfb/202403/t20240321_1948095.html,-2.7
2024-03-31,2024-03,2024-04-11,official_release,https://www.stats.gov.cn/sj/zxfb/202404/t20240411_1948465.html,https://www.stats.gov.cn/sj/zxfb/202404/t20240411_1948465.html,-2.8
2024-04-30,2024-04,2024-05-11,official_release,https://www.stats.gov.cn/sj/zxfb/202405/t20240511_1950304.html,https://www.stats.gov.cn/sj/zxfb/202405/t20240511_1950304.html,-2.5
2024-05-31,2024-05,2024-06-12,official_release,https://www.stats.gov.cn/sj/zxfb/202406/t20240612_1954520.html,https://www.stats.gov.cn/sj/zxfb/202406/t20240612_1954520.html,-1.4
2024-06-30,2024-06,2024-07-10,official_release,https://www.stats.gov.cn/sj/zxfb/202407/t20240710_1955509.html,https://www.stats.gov.cn/sj/zxfb/202407/t20240710_1955509.html,-0.8
2024-07-31,2024-07,2024-08-09,official_release,https://www.stats.gov.cn/sj/zxfb/202408/t20240809_1955949.html,https://www.stats.gov.cn/sj/zxfb/202408/t20240809_1955949.html,-0.8
2024-08-31,2024-08,2024-09-09,official_release,https://www.stats.gov.cn/sj/zxfb/202409/t20240909_1956310.html,https://www.stats.gov.cn/sj/zxfb/202409/t20240909_1956310.html,-1.8
2024-09-30,2024-09,2024-10-13,official_release,https://www.stats.gov.cn/sj/zxfb/202410/t20241013_1956898.html,https://www.stats.gov.cn/sj/zxfb/202410/t20241013_1956898.html,-2.8
2024-10-31,2024-10,2024-11-09,official_release,https://www.stats.gov.cn/sj/zxfb/202411/t20241109_1957352.html,https://www.stats.gov.cn/sj/zxfb/202411/t20241109_1957352.html,-2.9
2024-11-30,2024-11,2024-12-09,official_release,https://www.stats.gov.cn/sj/zxfb/202412/t20241209_1957688.html,https://www.stats.gov.cn/sj/zxfb/202412/t20241209_1957688.html,-2.5
2024-12-31,2024-12,2025-01-09,official_release,https://www.stats.gov.cn/sj/zxfb/202501/t20250109_1958169.html,https://www.stats.gov.cn/sj/zxfb/202501/t20250109_1958169.html,-2.3
2025-01-31,2025-01,2025-02-09,official_release,https://www.stats.gov.cn/sj/zxfb/202502/t20250209_1958645.html,https://www.stats.gov.cn/sj/zxfb/202502/t20250209_1958645.html,-2.3
2025-02-28,2025-02,2025-03-09,official_release,https://www.stats.gov.cn/sj/zxfb/202503/t20250309_1958914.html,https://www.stats.gov.cn/sj/zxfb/202503/t20250309_1958914.html,-2.2
2025-03-31,2025-03,2025-04-10,official_release,https://www.stats.gov.cn/sj/zxfb/202504/t20250410_1959260.html,https://www.stats.gov.cn/sj/zxfb/202504/t20250410_1959260.html,-2.5
2025-04-30,2025-04,2025-05-10,official_release,https://www.stats.gov.cn/sj/zxfb/202505/t20250510_1959770.html,https://www.stats.gov.cn/sj/zxfb/202505/t20250510_1959770.html,-2.7
2025-05-31,2025-05,2025-06-09,official_release,https://www.stats.gov.cn/sj/zxfb/202506/t20250609_1960093.html,https://www.stats.gov.cn/sj/zxfb/202506/t20250609_1960093.html,-3.3
2025-06-30,2025-06,2025-07-09,official_release,https://www.stats.gov.cn/sj/zxfb/202507/t20250709_1960367.html,https://www.stats.gov.cn/sj/zxfb/202507/t20250709_1960367.html,-3.6
2025-07-31,2025-07,2025-08-09,official_release,https://www.stats.gov.cn/sj/zxfb/202508/t20250809_1960634.html,https://www.stats.gov.cn/sj/zxfb/202508/t20250809_1960634.html,-0.2
2025-08-31,2025-08,2025-09-10,official_release,https://www.stats.gov.cn/sj/zxfb/202509/t20250910_1961108.html,https://www.stats.gov.cn/sj/zxfb/202509/t20250910_1961108.html,-2.9
2025-09-30,2025-09,2025-10-15,official_release,https://www.stats.gov.cn/sj/zxfb/202510/t20251015_1961520.html,https://www.stats.gov.cn/sj/zxfb/202510/t20251015_1961520.html,-2.3
2025-10-31,2025-10,2025-11-09,official_release,https://www.stats.gov.cn/sj/zxfb/202511/t20251109_1961822.html,https://www.stats.gov.cn/sj/zxfb/202511/t20251109_1961822.html,-2.1
2025-11-30,2025-11,2025-12-10,official_release,https://www.stats.gov.cn/sj/zxfb/202512/t20251210_1962014.html,https://www.stats.gov.cn/sj/zxfb/202512/t20251210_1962014.html,-2.2
2025-12-31,2025-12,2026-01-09,official_release,https://www.stats.gov.cn/sj/zxfb/202601/t20260109_1962272.html,https://www.stats.gov.cn/sj/zxfb/202601/t20260109_1962272.html,-1.9
2026-01-31,2026-01,2026-02-11,official_release,https://www.stats.gov.cn/sj/zxfb/202602/t20260211_1962587.html,https://www.stats.gov.cn/sj/zxfb/202602/t20260211_1962587.html,-1.4
2026-02-28,2026-02,2026-03-09,official_release,https://www.stats.gov.cn/sj/zxfb/202603/t20260309_1962729.html,https://www.stats.gov.cn/sj/zxfb/202603/t20260309_1962729.html,-0.9
2026-03-31,2026-03,2026-04-10,official_release,https://www.stats.gov.cn/sj/zxfb/202604/t20260410_1963263.html,https://www.stats.gov.cn/sj/zxfb/202604/t20260410_1963263.html,-0.9
2026-04-30,2026-04,2026-05-11,official_release,https://www.stats.gov.cn/sj/zxfb/202605/t20260511_1963658.html,https://www.stats.gov.cn/sj/zxfb/202605/t20260511_1963658.html,2.8
2026-05-31,2026-05,2026-06-10,official_release,https://www.stats.gov.cn/sj/zxfb/202606/t20260610_1963922.html,https://www.stats.gov.cn/sj/zxfb/202606/t20260610_1963922.html,3.9
2026-06-30,2026-06,2026-07-09,official_release,https://www.stats.gov.cn/sj/zxfb/202607/t20260709_1964083.html,https://www.stats.gov.cn/sj/zxfb/202607/t20260709_1964083.html,4.1
2026-07-31,2026-07,2026-08-09,official_release,https://www.stats.gov.cn/sj/zxfb/202608/t20260809_1965007.html,https://www.stats.gov.cn/sj/zxfb/202608/t20260809_1965007.html,3.5
2026-08-31,2026-08,2026-09-09,official_release,https://www.stats.gov.cn/sj/zxfb/202609/t20260909_1965262.html,https://www.stats.gov.cn/sj/zxfb/202609/t20260909_1965262.html,3.8
